{"max_len": 96, "vocab_size": 79959, "train_losses": [0.543915764643908, 0.373003383415297, 0.22377459484290868, 0.1188354560656134, 0.06780620761460218, 0.04675855970508101, 0.03558387716411002, 0.029225137088273796, 0.02872419183794523, 0.028291923106711064, 0.02082691102041469, 0.015233563537004613, 0.014383818082961422, 0.01715048304431107, 0.0211797546893135, 0.01856590515370673, 0.013600032824108354, 0.01351505118415488, 0.012581385111053979, 0.012605065063740964], "val_losses": [0.4743264235312271, 0.4637902262743443, 0.5830022203077541, 0.8315706405709348, 1.0103053534299864, 1.2411618035938916, 1.5252342783044852, 1.6496986285027224, 1.7121871598266138, 1.6527743399768244, 1.9073708859329417, 2.0526609842762857, 2.1461613004382616, 2.120635958372467, 2.1066344938544876, 2.082625427699142, 2.3314685682891323, 2.2680454493175053, 2.3488591097633837, 2.364843639412266]}